{"_type":"export","__export_format":4,"__export_date":"2020-08-01T02:14:35.712Z","__export_source":"insomnia.desktop.app:v2020.3.3","resources":[{"_id":"req_e69cdc7ee5354f60b015642859009b40","authentication":{},"body":{"mimeType":"application/json","text":"{\n\"name\":\"Elton Lazzarin\",\n\t\"email\": \"fake@domain.com\",\n\t\"password\": \"123456\"\n}"},"created":1596246182960,"description":"","headers":[{"id":"pair_766419f701f240e692986a5277133011","name":"Content-Type","value":"application/json"}],"isPrivate":false,"metaSortKey":-1596246182961,"method":"POST","modified":1596247536385,"name":"Create user","parameters":[],"parentId":"wrk_7a8cea45f8fd4add97042d05f57a3ce0","settingDisableRenderRequestBody":false,"settingEncodeUrl":true,"settingFollowRedirects":"global","settingRebuildPath":true,"settingSendCookies":true,"settingStoreCookies":true,"url":"http://localhost:3333/users","_type":"request"},{"_id":"wrk_7a8cea45f8fd4add97042d05f57a3ce0","created":1596246075240,"description":"","modified":1596246148361,"name":"SOLID API","parentId":null,"scope":null,"_type":"workspace"},{"_id":"env_81898295c360d29cc73bdfa0be1d9bd372de4825","color":null,"created":1596246075657,"data":{},"dataPropertyOrder":null,"isPrivate":false,"metaSortKey":1596246075657,"modified":1596246075657,"name":"Base Environment","parentId":"wrk_7a8cea45f8fd4add97042d05f57a3ce0","_type":"environment"},{"_id":"jar_81898295c360d29cc73bdfa0be1d9bd372de4825","cookies":[],"created":1596246075671,"modified":1596246075671,"name":"Default Jar","parentId":"wrk_7a8cea45f8fd4add97042d05f57a3ce0","_type":"cookie_jar"},{"_id":"spc_ca93e49ab77540009e6109b5722824cb","contentType":"yaml","contents":"","created":1596246075288,"fileName":"SOLID-API","modified":1596246075288,"parentId":"wrk_7a8cea45f8fd4add97042d05f57a3ce0","_type":"api_spec"}]}